epoch,train_loss,val_loss,val_snr_db
1,393.84324430131915,1.0313857913017273,-3.856499171257019
2,2.1126805684268475,1.526264774799347,-4.463806974887848
3,nan,1.2898786604404449,-8.137354636192322
4,nan,nan,nan
5,nan,nan,nan
