epoch,train_loss,val_loss,val_snr_db
1,61.457721981048586,0.8196745991706849,-8.593505299091339
2,57.38326419067383,0.8356221735477447,-10.58688817024231
3,56.53762990570068,0.7992190241813659,-21.429054856300354
4,56.240267978668214,0.7012897431850433,-8.246033775806428
5,56.326670574188235,0.7249963700771331,-21.356266856193542
