epoch,train_loss,val_loss,val_snr_db
1,0.7488060438632965,0.947970175743103,-13.310938199361166
2,0.7478841848373413,1.026010847091675,-17.027926762898762
3,0.7320037355422974,0.9709049701690674,-14.967753171920776
4,0.716851416349411,0.9502905130386352,-5.586984157562256
5,0.7064654066562652,0.9656739115715027,-8.002653439839682
6,0.6991332492828369,0.9216616153717041,-9.88327932357788
7,0.6932327170372009,0.9839263200759888,-15.083337465922037
8,0.6898929221630097,0.9646273612976074,-14.85079288482666
9,0.6882962877750397,1.0480013847351075,-24.412885983784992
