{
  "msd": {
    "taus": [
      1,
      2,
      3,
      4,
      5,
      6,
      7,
      8,
      9,
      10,
      11,
      12,
      13,
      14,
      15,
      16,
      17,
      18,
      19,
      20,
      21,
      22,
      23,
      24,
      25,
      26,
      27,
      28,
      29,
      30,
      31,
      32,
      33,
      34,
      35,
      36,
      37,
      38,
      39,
      40,
      41,
      42,
      43,
      44,
      45,
      46,
      47,
      48,
      49,
      50,
      51,
      52,
      53,
      54,
      55,
      56,
      57,
      58,
      59
    ],
    "values": [
      0.45541534347786616,
      0.5644680935847377,
      0.608726237134518,
      0.6202149867835968,
      0.6259994904879872,
      0.5003305320957779,
      0.5227308834685445,
      0.5143054597921802,
      0.48177040758232004,
      0.49534810452032657,
      0.534133992287832,
      0.4975191475408344,
      0.45661664315784206,
      0.4831232887371183,
      0.4474190752179711,
      0.45968913924823535,
      0.48894094264712423,
      0.49010041652648073,
      0.44979920719423183,
      0.4573439508874054,
      0.4721069455797644,
      0.4985538583157458,
      0.5143570970593837,
      0.5337068017107476,
      0.5344121050593905,
      0.531030497900875,
      0.5706447543011339,
      0.5661855417231231,
      0.5943454392892371,
      0.6379073793963336,
      0.6718283920109671,
      0.6803294849339033,
      0.676926855128182,
      0.7007196453814789,
      0.7337616157839306,
      0.7512254210928864,
      0.784452391314237,
      0.8116846559368994,
      0.8141977740854538,
      0.8075583393122985,
      0.8166682677925896,
      0.8462441832225663,
      0.8983502118021516,
      0.9742726879946583,
      0.9379958544726191,
      0.9655146525508289,
      0.94964258109474,
      0.9765728827111033,
      1.0291280554897608,
      1.0782218156485668,
      1.1285921257509843,
      1.1151037815409703,
      1.1904471229852098,
      1.2682999070864565,
      1.4528851470873347,
      1.5392353228852933,
      1.5417526059711146,
      1.456608136532872,
      1.5257110628184027
    ]
  },
  "alpha": NaN,
  "D": NaN,
  "diagnostics": {
    "depth_profile_mean_intensity": [
      19.498083114624023,
      19.500959396362305,
      19.496150970458984,
      19.507640838623047,
      19.533281326293945,
      19.574657440185547,
      19.613847732543945,
      19.64426612854004,
      19.652454376220703,
      19.640043258666992,
      19.62042999267578,
      19.62714385986328,
      19.672740936279297,
      19.72442626953125,
      19.753429412841797,
      19.751033782958984,
      19.71698760986328,
      19.680126190185547,
      19.675134658813477,
      19.700651168823242,
      19.724824905395508,
      19.721981048583984,
      19.685115814208984,
      19.66339874267578,
      19.674165725708008,
      19.69464111328125,
      19.696727752685547,
      19.651981353759766,
      19.595401763916016,
      19.526485443115234,
      19.499467849731445,
      19.500093460083008
    ],
    "bleaching_mean_intensity": [
      19.629562377929688,
      19.635223388671875,
      19.631935119628906,
      19.635093688964844,
      19.63800811767578,
      19.633262634277344,
      19.63404083251953,
      19.632843017578125,
      19.631942749023438,
      19.627731323242188,
      19.633338928222656,
      19.629867553710938,
      19.63524627685547,
      19.64129638671875,
      19.63434600830078,
      19.62109375,
      19.636024475097656,
      19.632339477539062,
      19.635818481445312,
      19.626220703125,
      19.62938690185547,
      19.63446044921875,
      19.625282287597656,
      19.625450134277344,
      19.62871551513672,
      19.632705688476562,
      19.630447387695312,
      19.62763214111328,
      19.631210327148438,
      19.635414123535156,
      19.633651733398438,
      19.627418518066406,
      19.635780334472656,
      19.62963104248047,
      19.634078979492188,
      19.633094787597656,
      19.63298797607422,
      19.634178161621094,
      19.635848999023438,
      19.63367462158203,
      19.628196716308594,
      19.62743377685547,
      19.632225036621094,
      19.631332397460938,
      19.63043212890625,
      19.631011962890625,
      19.631500244140625,
      19.631088256835938,
      19.637191772460938,
      19.629127502441406,
      19.625709533691406,
      19.637252807617188,
      19.633270263671875,
      19.632896423339844,
      19.63054656982422,
      19.632217407226562,
      19.633445739746094,
      19.63134002685547,
      19.627525329589844,
      19.62830352783203
    ],
    "crowding": {
      "mean_nn": 11.073823007338698,
      "n_points": 981
    }
  },
  "structure": {
    "rdf": {
      "r": [
        0.2454597710455759,
        0.7363793131367277,
        1.2272988552278794,
        1.7182183973190313,
        2.209137939410183,
        2.700057481501335,
        3.1909770235924864,
        3.6818965656836387,
        4.17281610777479,
        4.6637356498659415,
        5.154655191957094,
        5.645574734048246,
        6.1364942761393975,
        6.627413818230549,
        7.118333360321701,
        7.6092529024128535,
        8.100172444504004,
        8.591091986595156,
        9.082011528686309,
        9.57293107077746,
        10.063850612868611,
        10.554770154959764,
        11.045689697050916,
        11.536609239142066,
        12.027528781233219,
        12.518448323324371,
        13.009367865415523,
        13.500287407506674,
        13.991206949597826,
        14.482126491688978,
        14.973046033780129,
        15.463965575871281,
        15.954885117962434,
        16.445804660053582,
        16.936724202144738,
        17.427643744235887,
        17.918563286327043,
        18.40948282841819,
        18.900402370509347,
        19.391321912600496,
        19.882241454691645,
        20.3731609967828,
        20.86408053887395,
        21.355000080965105,
        21.845919623056254,
        22.33683916514741,
        22.82775870723856,
        23.318678249329707,
        23.809597791420863,
        24.300517333512012
      ],
      "g_r": [
        0.0,
        0.0,
        0.0,
        0.0,
        0.0,
        0.0,
        0.0,
        0.0,
        0.0,
        0.0,
        0.0,
        0.0,
        0.0,
        0.0,
        0.0,
        0.0,
        0.8049305801915262,
        2.01415538253642,
        1.503581734986297,
        1.9382404481464863,
        2.0556561756206517,
        1.328565052489672,
        1.6180884136342415,
        1.0821298451450443,
        1.4264619049468727,
        1.1421816985444821,
        1.1033940343348396,
        0.7613176725693795,
        1.305800708510889,
        1.3732690289524243,
        2.5820613769808434,
        1.816741169975084,
        1.345701983251803,
        1.0463739855260086,
        1.1031886390764134,
        0.8034298949675859,
        1.14084536338929,
        0.8423132238493303,
        1.624627489605637,
        1.0324967707411852,
        0.8773419238285338,
        0.781885146384985,
        0.8388024899067786,
        0.5423269525574864,
        0.9250490578863096,
        1.3484573311322061,
        0.9009022865878987,
        1.0143784617437022,
        1.2675683621353906,
        1.5032879878367085
      ]
    }
  },
  "metadata": {
    "voxel_size_um": [
      0.1,
      0.1,
      0.2
    ],
    "img_shape_xyz": [
      32,
      64,
      64
    ],
    "psf_sigma_xyz_vox": [
      2.0,
      1.0,
      1.0
    ],
    "frame_interval_s": 0.1,
    "noise_std": 5.0,
    "z_att_um": 50.0,
    "bleach_tau_s": 80.0,
    "box_size_um": [
      30.0,
      30.0,
      30.0
    ],
    "n_frames": 60,
    "pixel_size_um": 0.1,
    "z_step_um": 0.2,
    "dt_s": 0.1,
    "description": "3D Brownian colloidal spheres (solid 3D particles with tunable radius).",
    "diffusion_coeff_um2_s": 0.05,
    "n_particles": 30,