{
  "snapshot_2d": {
    "q_values": [
      0.1,
      3.1047694729255113,
      6.109538945851022,
      9.114308418776533,
      12.119077891702045,
      15.123847364627556,
      18.128616837553068,
      21.13338631047858,
      24.13815578340409,
      27.1429252563296,
      30.147694729255115,
      33.152464202180624,
      36.157233675106134,
      39.162003148031644,
      42.16677262095716,
      45.17154209388267,
      48.17631156680818,
      51.18108103973369,
      54.1858505126592,
      57.19061998558472
    ],
    "structure_factor": [
      10.982836544685226,
      6.432486980817855,
      2.3944750729106996,
      1.2486442043746842,
      1.2140630293468395,
      2.0762596850534423,
      1.1192274107444304,
      1.3139416304262455,
      2.7073226152850403,
      1.0442774452864527,
      2.8409162690665055,
      1.2734863452211131,
      4.263564127089962,
      1.8790190347441311,
      1.090257121663251,
      1.0773793962198845,
      1.692688925880975,
      3.367156682273538,
      1.6601347405472158,
      2.116670802155403
    ],
    "pair_correlation": [
      0.0,
      1.5157003120660837,
      0.9094201872396505,
      0.6495858480283216,
      0.5052334373553613,
      0.41337281238165907,
      0.3497769950921732,
      0.6062801248264335,
      0.5349530513174413,
      0.23932110190517106,
      0.0,
      0.3954000814085436,
      0.7275361497917202,
      0.16841114578512043,
      0.15679658400683624,
      0.29336135072246783,
      0.0,
      0.25983433921132865,
      0.12289461989725001,
      0.11659233169739107,
      0.3327147026486525,
      0.1057465333999593,
      0.5052334373553612,
      0.2902404852892501,
      0.09279797828976022,
      0.0,
      0.08579435728675947,
      0.33069824990532737,
      0.1595474012701141
    ],
    "distances": [
      0.01989354264995843,
      0.05968062794987529,
      0.09946771324979214,
      0.139254798549709,
      0.17904188384962588,
      0.21882896914954275,
      0.25861605444945956,
      0.2984031397493765,
      0.3381902250492933,
      0.3779773103492102,
      0.41776439564912704,
      0.4575514809490439,
      0.4973385662489608,
      0.5371256515488776,
      0.5769127368487945,
      0.6166998221487114,
      0.6564869074486281,
      0.6962739927485451,
      0.736061078048462,
      0.7758481633483788,
      0.8156352486482956,
      0.8554223339482125,
      0.8952094192481295,
      0.9349965045480462,
      0.9747835898479631,
      1.01457067514788,
      1.0543577604477967,
      1.0941448457477136,
      1.1339319310476306
    ],
    "density": 9.999999999,
    "clustering_detected": true
  },
  "snapshot_3d": {
    "q_values": [
      0.1,
      2.105065542234858,
      4.110131084469716,
      6.115196626704574,
      8.120262168939432,
      10.12532771117429,
      12.130393253409148,
      14.135458795644006,
      16.140524337878865,
      18.145589880113725,
      20.15065542234858,
      22.155720964583438,
      24.160786506818297,
      26.165852049053157,
      28.170917591288013,
      30.17598313352287,
      32.18104867575773,
      34.18611421799259,
      36.19117976022745,
      38.1962453024623
    ],
    "structure_factor": [
      10.98281828694098,
      5.957999723866939,
      2.0319067496609406,
      2.663584594049204,
      1.3540160029512358,
      1.7327698528788327,
      1.3537088772446229,
      1.8804493120495356,
      4.035221410923182,
      1.0587535982761727,
      1.2661540891522307,
      2.8695170265964007,
      2.4810948108984077,
      2.7627844118250815,
      1.6451028893068502,
      2.772220819639406,
      1.4950123597274427,
      1.8332051597908998,
      1.731124671388978,
      1.1817980752183537
    ],
    "pair_correlation": [
      0.0,
      3.9301512728478873,
      0.0,
      0.0,
      0.0,
      0.29232530128620654,
      0.4185959935577632,
      0.31441210182783097,
      0.36717676251520065,
      0.0979816106804182,
      0.24062150650089112,
      0.20059373226255764,
      0.05659417832900957,
      0.0,
      0.04205869376412722,
      0.036806827737389164,
      0.19488353419080431,
      0.08662374234032076,
      0.05167474281319355,
      0.023255332975431288,
      0.04208371380800831,
      0.038259990757848555,
      0.06986935596174021,
      0.06404954541535715,
      0.0,
      0.0,
      0.0,
      0.01169301205144826,
      0.010886845631157585
    ],
    "distances": [
      0.03209123057002054,
      0.09627369171006163,
      0.16045615285010273,
      0.2246386139901438,
      0.2888210751301849,
      0.35300353627022596,
      0.4171859974102671,
      0.48136845855030813,
      0.5455509196903492,
      0.6097333808303904,
      0.6739158419704314,
      0.7380983031104724,
      0.8022807642505136,
      0.8664632253905546,
      0.9306456865305957,
      0.9948281476706369,
      1.0590106088106779,
      1.123193069950719,
      1.18737553109076,
      1.251557992230801,
      1.3157404533708423,
      1.3799229145108833,
      1.4441053756509246,
      1.5082878367909656,
      1.5724702979310066,
      1.6366527590710476,
      1.7008352202110888,
      1.7650176813511298,
      1.8292001424911708
    ],
    "density": 9.999999999,
    "clustering_detected": true
  }
}